uk,0.002657641
maths,0.001501857
deal,0.001443639
students,0.001298041
strategy,0.001207264
growth,0.001182755
leaving,0.001121164
industrial,0.001115393
ai,0.000984049
education,0.000983056
per,0.000937149
new,0.000870392
employers,0.000869971
ago,0.000835784
cities,0.000821848
clean,0.000792529
including,0.000769254
fit,0.000752257
stem,0.000744104
technologies,0.000735902
digital,0.000732392
cent,0.000716387
businesses,0.000715723
economy,0.000707666
fibre,0.000699475
world,0.000695989
energy,0.0006803
year,0.000672683
programme,0.000665583
productivity,0.00064956
transport,0.000644792
housing,0.000643468
business,0.000627515
local,0.000627156
government,0.000626404
work,0.000626227
services,0.000625044
sectors,0.000623799
ensure,0.00062067
vehicles,0.000618649
trade,0.000618323
secretary,0.000617359
gender,0.000616933
delivering,0.000613898
costs,0.00061334
bn,0.000610058
low,0.000607209
addressing,0.000603728
clusters,0.000590311
state,0.000588817
england,0.000581857
embrace,0.000581401
proposals,0.000581164
knowledge,0.000576775
britain,0.00057606
smart,0.000571012
learning,0.000568851
investment,0.000568457
reliable,0.000567107
employment,0.000565764
creative,0.000562786
set,0.000561686
region,0.000561234
future,0.000561173
across,0.000547656
schools,0.000546667
workers,0.000546648
citizens,0.000542776
difference,0.000541959
big,0.000541193
use,0.000537809
innovation,0.000537724
help,0.000530074
challenge,0.000528402
long,0.000522503
research,0.000522062
jobs,0.000520049
system,0.000519701
support,0.00051917
university,0.00051681
working,0.000516736
areas,0.000515171
science,0.000512935
cost,0.000512567
good,0.00051087
technology,0.000507372
vision,0.000506687
basic,0.000505165
training,0.00050292
earning,0.000501586
agility,0.000500562
appetite,0.000500562
avowedly,0.000500562
buying,0.000500562
continuously,0.000500562
duty,0.000500562
entails,0.000500562
impose,0.000500562
measuring,0.000500562
moral,0.000500562
obligations,0.000500562
participating,0.000500562
patience,0.000500562
prepared,0.000500562
tradition,0.000500562
TRUE,0.000500562
upgraded,0.000500562
vanguard,0.000500562
care,0.000499517
carbon,0.000492949
rights,0.000492939
european,0.000489615
prosperous,0.00048884
goods,0.000487767
heart,0.000486422
civic,0.000486271
cultural,0.000485296
people,0.000481973
deliver,0.000480042
corridor,0.000479957
power,0.00047706
built,0.000476876
minister,0.000474773
prime,0.000474773
qualifications,0.000474564
weaknesses,0.000470419
products,0.000468139
reinforcing,0.000467822
paper,0.000467553
prosperity,0.000466766
construction,0.000464506
paid,0.00046429
organisations,0.000463776
national,0.000463191
leave,0.000461748
changing,0.000459645
labour,0.000459056
supply,0.00045686
ceramics,0.000455313
young,0.000455079
increase,0.000454366
technical,0.000452276
regional,0.00045156
connectivity,0.000449754
around,0.000447082
also,0.000442817
workforce,0.000442553
centre,0.000442498
trading,0.000441199
rural,0.000439888
path,0.000439462
term,0.000438434
fulfilling,0.000435155
unless,0.000435155
market,0.000433996
skilled,0.000433839
unprecedented,0.00043143
developing,0.000430387
union,0.000429154
backgrounds,0.000427108
black,0.000427108
ethnic,0.000427108
minority,0.000427108
review,0.000426198
especially,0.000425819
improve,0.000424413
europe,0.000423579
ageing,0.000421539
skills,0.000421418
inevitably,0.000421408
uncertainty,0.000421408
confident,0.000420197
next,0.000419817
communities,0.000419556
companies,0.000419082
capital,0.00041803
announcements,0.000417892
backs,0.000417892
bankruptcy,0.000417892
belief,0.000417892
benefited,0.000417892
bold,0.000417892
brink,0.000417892
centuries,0.000417892
clark,0.000417892
conviction,0.000417892
decisively,0.000417892
deficit,0.000417892
deserved,0.000417892
despite,0.000417892
enterprising,0.000417892
epitomises,0.000417892
exactly,0.000417892
extraordinarily,0.000417892
fairer,0.000417892
finances,0.000417892
firm,0.000417892
foreword,0.000417892
freemarket,0.000417892
greg,0.000417892
hands,0.000417892
heralds,0.000417892
hon,0.000417892
intervenes,0.000417892
invention,0.000417892
inventors,0.000417892
nurture,0.000417892
openness,0.000417892
predictable,0.000417892
pride,0.000417892
pro,0.000417892
propel,0.000417892
rescuing,0.000417892
restoring,0.000417892
rooted,0.000417892
rt,0.000417892
sacrifices,0.000417892
serious,0.000417892
shrinking,0.000417892
strengthens,0.000417892
struggled,0.000417892
thirty,0.000417892
ties,0.000417892
vibrant,0.000417892
whose,0.000417892
worldbeating,0.000417892
transformed,0.000417185
self,0.000416742
infrastructure,0.000416693
decisions,0.000416184
top,0.000415838
regions,0.000415826
million,0.00041426
boost,0.000412041
foundations,0.000411855
grand,0.00041182
fund,0.000411765
keep,0.00041083
global,0.000410794
level,0.000408282
ambition,0.00040749
natural,0.00040746
eu,0.000406942
governments,0.000406463
finance,0.000404801
exchange,0.000404761
sector,0.000403566
wages,0.000402769
number,0.000401576
reforms,0.000400834
spending,0.000400808
tourism,0.000400505
fastest,0.000400165
powered,0.000400035
towns,0.000399725
know,0.000399416
steel,0.000399079
efficiency,0.000399003
building,0.000398818
rail,0.000398158
core,0.000397995
chains,0.000397453
leaders,0.000397025
begin,0.00039498
broadband,0.000393455
create,0.000392728
authorities,0.000392457
commits,0.000390654
us,0.000390602
grimsby,0.000390269
administrations,0.000388943
potential,0.000388077
countries,0.000387475
north,0.000386544
change,0.000386427
range,0.000385777
combine,0.000385242
prosper,0.000385242
environment,0.000384665
respect,0.00038382
economies,0.000383451
participants,0.000383048
hour,0.000382966
south,0.000382318
achieved,0.000382028
significant,0.000381679
active,0.000381152
gap,0.000381032
earnings,0.000380445
effectiveness,0.000380435
graduates,0.000379651
subjects,0.000379651
electric,0.000377258
high,0.000377073
vital,0.000376329
objectives,0.000376217
talent,0.000376051
country,0.000375867
discussions,0.000375696
exports,0.000375584
works,0.000375551
opportunity,0.000375419
city,0.000375341
negotiations,0.000375216
updated,0.000375191
near,0.000375155
researchers,0.000372498
ideas,0.000371969
white,0.000371318
forefront,0.000370779
engineering,0.000370519
enterprise,0.000370495
efficient,0.000370273
leader,0.000369255
markets,0.000368731
partnerships,0.000368379
deals,0.000367957
decades,0.000367377
increasing,0.000365505
prepare,0.000365335
scale,0.000364768
small,0.000364702
drive,0.000364141
calibre,0.000363625
creators,0.000363625
deliberately,0.000363625
forge,0.000363625
point,0.000363625
rule,0.000363625
scotland,0.000360221
shift,0.000359759
homes,0.000359597
provide,0.000359093
higher,0.000359014
need,0.000358566
levels,0.000358212
innovative,0.00035778
value,0.000357395
every,0.000356576
green,0.000356476
teaching,0.000356367
procurement,0.000356197
east,0.000355992
network,0.000355757
older,0.00035524
funding,0.000354324
flow,0.000354166
heif,0.000354166
clear,0.000354103
data,0.000353899
liberal,0.000353116
ahead,0.000352749
collaborations,0.000351738
longterm,0.000351737
retirement,0.000350026
access,0.000349499
design,0.000349138
greater,0.000348967
skill,0.000348847
move,0.000348841
historic,0.0003475
retraining,0.000346917
mobility,0.000345733
agile,0.000344997
projects,0.000344511
endure,0.000344463
tees,0.000343564
transforming,0.000343342
lowest,0.000342721
respected,0.000342721
individuals,0.000341407
advanced,0.000341353
wales,0.000340332
adults,0.000339312
participation,0.000339312
recognise,0.000339096
opportunities,0.000338712
achievements,0.000337558
wherever,0.000337558
enough,0.000337107
leadership,0.000336296
climate,0.000335
population,0.000334926
full,0.000334864
improved,0.00033475
welcoming,0.000334179
deep,0.00033358
selling,0.00033358
thanks,0.00033287
history,0.000332424
olds,0.000332195
women,0.000332153
offshore,0.000331593
put,0.000331182
study,0.000330681
consultation,0.000330468
reforming,0.000330297
job,0.000330282
succeed,0.000330109
already,0.000329555
northern,0.000328571
quarters,0.000327458
technologists,0.000327458
export,0.000327107
announced,0.000326794
upgrade,0.000326403
protection,0.000326387
throughout,0.0003255
previous,0.000325446
fulfil,0.000325265
identifies,0.000325265
missing,0.000325265
unemployment,0.000325265
mayor,0.000325224
case,0.000324997
index,0.000324486
essential,0.000324032
english,0.000323817
geographic,0.000322651
helped,0.000322651
sheffield,0.000321398
sciences,0.000318676
pay,0.000318058
continuous,0.000317408
crossing,0.000317408
emerge,0.000317408
mp,0.000317408
rate,0.000317212
mean,0.0003165
emission,0.000316051
apprenticeship,0.000315992
advantages,0.000315786
systems,0.000315662
disrupt,0.000315096
trusted,0.000314867
healthcare,0.00031468
sufficient,0.00031468
practice,0.000313946
commission,0.000312467
changes,0.000311135
g,0.000310854
providing,0.000310412
standards,0.000309704
analysis,0.000309067
culture,0.00030885
london,0.00030873
go,0.000308601
west,0.00030858
first,0.000308374
challenges,0.000308124
parts,0.000308051
time,0.000307395
international,0.000307156
grows,0.000307125
relationship,0.000307125
substantially,0.000307125
free,0.000306982
yet,0.000306804
commitments,0.000305541
economic,0.000305495
necessary,0.000305484
partners,0.000303855
fields,0.000303571
financed,0.000303571
strategic,0.000303398
impact,0.000302296
shape,0.000301543
institutions,0.000301429
cars,0.000301037
modern,0.000300716
regulations,0.000300647
premises,0.000300327
midlands,0.00029987
groups,0.00029909
school,0.000298308
intelligence,0.00029756
open,0.000296766
flexible,0.000296003
resource,0.000295452
reach,0.000295091
scientists,0.00029468
aspects,0.000293596
investors,0.00029308
devolution,0.000293018
better,0.000292631
benefits,0.000292133
consider,0.000292127
development,0.000291408
enormous,0.000291076
dependable,0.000290953
document,0.000290953
key,0.000290892
doubled,0.000290403
stronger,0.000290314
tax,0.000289724
machine,0.000289419
scheme,0.000289313
edge,0.000289217
regeneration,0.000288436
artificial,0.000288397
programmes,0.000288271
matched,0.000288243
decision,0.000288181
likely,0.00028594
industry,0.000285747
adoption,0.000285472
hours,0.000284738
pwc,0.000284738
quantitative,0.000284738
smith,0.000284738
apprenticeships,0.000284057
start,0.000284023
towards,0.000283801
major,0.000283554
investing,0.000282885
huge,0.000282835
trends,0.000282321
possible,0.000281947
chain,0.000281371
outstanding,0.000281369
innovations,0.000281041
fair,0.000280428
coverage,0.00028024
achieve,0.000279998
everyone,0.000279375
stay,0.00027892
regulatory,0.000278058
position,0.000278049
real,0.00027786
waste,0.000277576
precision,0.000277148
one,0.000276712
cambridge,0.000276591
role,0.000275336
food,0.000275226
build,0.000275073
taking,0.000275048
networks,0.000274665
informed,0.00027459
catapult,0.000274108
language,0.000273824
transform,0.000273477
manufacturing,0.000273265
direction,0.000273006
way,0.000272923
truly,0.000272335
reduce,0.000272188
thirds,0.000271869
institute,0.000271679
action,0.000271675
prestigious,0.000271509
public,0.000270966
manchester,0.000270837
investments,0.000270794
office,0.000270663
islands,0.000270628
degree,0.000270554
men,0.000270554
helping,0.000270001
gas,0.000269133
make,0.000268898
using,0.000268734
advisory,0.000268715
innovate,0.000268431
offer,0.000268355
intellectual,0.000268026
challenging,0.000267892
capitalise,0.000267405
mission,0.000267309
created,0.000267144
wide,0.000266985
strengthen,0.000266639
want,0.000266622
road,0.000266569
end,0.000266436
agriculture,0.000266389
technological,0.000266381
society,0.000266182
achieving,0.00026618
keeping,0.00026618
space,0.000265547
developments,0.000265289
ambitious,0.000265178
problems,0.000265029
earn,0.000264923
led,0.000264705
approaches,0.000264606
longer,0.000264192
plan,0.000264152
materials,0.000263498
mayoral,0.000263431
part,0.000263035
heathrow,0.000262303
minimising,0.000262303
day,0.000262257
families,0.000262257
funds,0.000262257
careers,0.000261019
demand,0.000260687
pace,0.000260302
non,0.000260244
cluster,0.000260179
town,0.000260179
output,0.000260056
early,0.000259836
speed,0.00025978
partner,0.000258944
places,0.000258879
harness,0.000258143
connections,0.00025805
ireland,0.000257974
health,0.000257714
develop,0.000257137
competitiveness,0.000257002
industries,0.000256819
consistent,0.000256741
includes,0.00025663
brightest,0.000255742
explore,0.000255606
models,0.000255513
outcome,0.000255368
undertake,0.00025491
resilience,0.000254717
air,0.000254675
project,0.000254414
lead,0.000253643
gva,0.000253509
provision,0.000253426
cardiff,0.000253388
keynes,0.000253388
determine,0.000252818
annum,0.000252586
advantage,0.00025182
must,0.000251609
wind,0.000251469
within,0.000251028
age,0.000251009
processes,0.000250993
combined,0.000250828
decade,0.000250487
growing,0.000250363
policy,0.000250036
outward,0.000249887
collaboration,0.000249787
meeting,0.000248417
routes,0.000247826
hourly,0.000247762
ready,0.000247762
children,0.000247406
courses,0.000247406
secondary,0.000247005
adapt,0.000246871
land,0.000246274
oil,0.000246274
shaping,0.000246274
emerging,0.000246267
engagement,0.000245483
existing,0.000245461
partnership,0.000245453
available,0.000245058
seize,0.000244646
follow,0.000244551
accounts,0.000244315
meet,0.00024422
placed,0.000244218
today,0.000244088
present,0.000243943
promote,0.000243916
allocated,0.000243714
identify,0.000243604
attractive,0.000243264
highly,0.000242771
designed,0.000242474
setting,0.000241584
service,0.000241442
contribute,0.000241319
renowned,0.000241137
priority,0.000240819
delivery,0.000240716
teachers,0.000240323
half,0.000240315
tail,0.000239905
even,0.000239556
datasets,0.000239246
based,0.000239034
drink,0.000239011
capture,0.000238459
continuing,0.000238176
connected,0.000237992
hubs,0.000237792
disadvantaged,0.000237282
numeracy,0.000237282
ofs,0.000237282
four,0.000236797
bank,0.00023658
aged,0.000236346
actions,0.000235844
agreed,0.000235779
learn,0.000235338
times,0.000235178
revolution,0.000234732
capabilities,0.000234438
charging,0.000234338
identified,0.000234022
best,0.000233859
dramatically,0.000233834
grow,0.000233379
analytic,0.00023335
ride,0.00023335
excellence,0.000233131
british,0.000232986
advice,0.000232962
corporation,0.000232485
agri,0.000232387
less,0.000232334
water,0.00023226
makes,0.000231735
oecd,0.000231688
addition,0.000231629
establish,0.000231223
leeds,0.000231074
take,0.000230785
principles,0.000230741
fast,0.000230583
measures,0.000230528
recommendations,0.000230313
current,0.000229542
sir,0.000229496
airport,0.000228806
rigorous,0.000228511
demands,0.000228451
forward,0.000228341
connect,0.000228231
living,0.000228119
result,0.000227472
additional,0.00022724
rapidly,0.000227219
seven,0.000227041
total,0.000226438
face,0.000226219
cleaner,0.000226025
area,0.000225799
powerful,0.000224614
framework,0.000224415
priorities,0.000224345
levy,0.000224337
inform,0.000224252
automated,0.000224219
facilitate,0.000224118
class,0.000223752
ability,0.000223744
roles,0.000223611
employer,0.000223137
cutting,0.000223134
student,0.000223012
medicine,0.00022301
success,0.000222987
committed,0.000222601
competitive,0.000221132
improving,0.000220638
thrive,0.000219839
largest,0.000219014
extend,0.000218901
computing,0.000218863
give,0.000218764
among,0.000218631
balanced,0.000218586
households,0.000218586
superfast,0.000218586
tfl,0.000218586
production,0.000218453
group,0.000218223
encourage,0.000218081
chapter,0.00021778
raising,0.000217604
wave,0.000217599
computer,0.000217221
bills,0.00021697
independent,0.000216952
broad,0.000216896
sequencing,0.000216889
fourth,0.000216845
target,0.000216434
seen,0.00021604
deepen,0.000215028
universities,0.00021413
enhancing,0.000212996
ensuring,0.000212931
consumers,0.000212882
quality,0.000212716
champion,0.000212647
elected,0.000212414
locally,0.000212334
importance,0.000212044
powerhouse,0.000211811
order,0.000211673
sets,0.000211647
home,0.000211643
progress,0.000211541
resources,0.000211475
educational,0.000211317
shortly,0.000211317
autonomous,0.000211251
law,0.000211201
ways,0.000210702
cybersecurity,0.000210372
needed,0.000210321
nations,0.000210055
model,0.000209615
zero,0.000209527
approach,0.000209094
nhs,0.000208636
starts,0.000208623
milton,0.000208488
driven,0.000208072
process,0.0002078
frontier,0.000207752
authority,0.000207718
supported,0.0002076
renewable,0.000207432
specific,0.000207332
strengths,0.000207179
aberdeen,0.000207171
valley,0.000207171
coming,0.000206587
internationally,0.00020638
large,0.000206227
source,0.000206145
publish,0.00020598
urban,0.000205952
transformation,0.000205921
three,0.00020562
still,0.000205605
innovators,0.000205528
cut,0.000205352
developed,0.000205183
enable,0.000204812
different,0.000204727
agreements,0.000204674
china,0.000204674
cymru,0.000204674
et,0.000204674
fundamentally,0.000204674
genome,0.000204674
hosting,0.000204674
india,0.000204674
responds,0.000204674
strategies,0.000204283
travel,0.000203781
sustainable,0.000203223
security,0.00020284
income,0.000202381
join,0.000202381
responses,0.000202325
catapults,0.000202136
shortages,0.000201831
car,0.000201682
initiatives,0.00020136
mobile,0.000201154
firms,0.000201102
bring,0.000201005
agricultural,0.000200911
tackle,0.000200905
missions,0.00020041
report,0.000200262
years,0.000200016
many,0.000199888
aerospace,0.000199366
safe,0.000199047
continue,0.00019902
practices,0.000198861
excellent,0.000198656
diagnose,0.000198469
uses,0.000198469
heating,0.000197783
ever,0.000197538
swansea,0.000197507
made,0.000197396
belfast,0.000197022
property,0.000196906
recently,0.000196556
academic,0.000195989
average,0.000195648
without,0.000195538
well,0.000195371
performance,0.000195292
nuclear,0.000195237
corridors,0.000195134
harlow,0.000195134
norwich,0.000195134
stoke,0.000195134
accelerate,0.000195056
exciting,0.000194607
responsibility,0.000194533
aims,0.000194336
include,0.000194147
making,0.000193927
introduction,0.000193796
admired,0.000193688
canada,0.000193688
electricity,0.000193561
capacity,0.000193507
generating,0.00019331
oxford,0.000193217
evidence,0.00019304
implementation,0.00019285
scottish,0.000192396
bringing,0.000192368
attract,0.000192299
supporting,0.00019158
human,0.000191388
academia,0.000191344
dynamic,0.000190796
response,0.000190743
nmite,0.000189826
occupations,0.000189826
parents,0.000189826
progression,0.000189826
trained,0.000189826
workplace,0.000189826
establishing,0.000189651
related,0.000189277
effectively,0.000189247
commercialisation,0.000189145
wider,0.000188922
together,0.000188892
panels,0.000188584
colleges,0.000188367
test,0.000188359
remain,0.000188134
biggest,0.000187905
automotive,0.000187817
contribution,0.000187682
fixed,0.000187682
effective,0.000187515
since,0.000187092
reputation,0.000187035
outcomes,0.000186861
agree,0.000186104
devolved,0.000186055
widely,0.000186045
come,0.000185997
distinctive,0.000185987
focused,0.000185829
buildings,0.000185764
conditions,0.000185762
professional,0.000185637
application,0.000185614
applications,0.000185443
experience,0.000185338
commercial,0.000185124
supports,0.000184696
play,0.000184542
strength,0.000184341
step,0.000183778
annual,0.000183721
used,0.000183706
may,0.000183518
roads,0.000183443
techniques,0.000183443
published,0.00018334
council,0.000183324
participate,0.00018331
primary,0.00018331
improvements,0.000183251
others,0.000182403
pioneer,0.000182234
second,0.000182227
pioneering,0.000182034
takes,0.000181707
encouraging,0.000181122
customer,0.000181078
distribution,0.000181078
employing,0.000181078
rana,0.000181078
turnover,0.000181078
respond,0.000180977
targeted,0.000180747
delivered,0.000180665
able,0.000179886
invest,0.000179658
live,0.00017934
established,0.000179327
leading,0.000179302
involved,0.000178992
fostering,0.000178426
mechanisms,0.000178426
creation,0.000178392
availability,0.000178332
providers,0.000178316
environmental,0.000178296
outside,0.000178283
place,0.000178254
much,0.000178106
reduction,0.000178099
destination,0.000177964
alone,0.000177624
productive,0.000177243
japan,0.000177083
months,0.00017677
rise,0.000176647
weak,0.000176232
disparities,0.000176048
expertise,0.000175015
alternatives,0.000175013
born,0.000175013
coal,0.000175013
countryside,0.000175013
differently,0.000175013
issuance,0.000175013
stowe,0.000175013
satellites,0.000174997
however,0.000174978
ofcom,0.000174869
roll,0.000174869
telecoms,0.000174869
staff,0.00017473
overseas,0.000173817
recognised,0.000173754
expansion,0.000173536
required,0.000173527
expand,0.00017351
ages,0.000173459
entries,0.000173459
professionals,0.000173459
mayors,0.000173392
increased,0.000173335
aviation,0.000173224
bodies,0.000173182
scientific,0.000172991
joint,0.000172752
sea,0.000172481
therefore,0.000172481
planning,0.000172054
ongoing,0.000172032
discuss,0.000171758
oxfordshire,0.000171758
expect,0.000171675
transformational,0.000171379
engine,0.00017135
co,0.000170765
presents,0.000170763
globally,0.00017072
company,0.000170477
appropriate,0.00017045
rather,0.000170343
audits,0.000170245
enhance,0.000170119
pilot,0.000168628
intend,0.00016858
academics,0.000168375
attempts,0.000168375
finding,0.000168375
seeking,0.000168375
successive,0.000168375
looking,0.000168152
degrees,0.000168047
introduced,0.000168047
compared,0.000167916
sharing,0.000167794
worker,0.000167596
great,0.000167328
worth,0.000167241
sbri,0.000167207
autumn,0.000166869
idea,0.000166772
become,0.000166706
driving,0.000166525
demonstrate,0.000166359
two,0.000166321
taskforce,0.000165926
influence,0.000165865
welsh,0.000165844
matthew,0.000165824
taylor,0.000165824
creating,0.000165819
disciplines,0.000165764
act,0.000165519
standard,0.000165251
record,0.00016495
improvement,0.000164919
lower,0.000164884
sized,0.000164724
regulation,0.000164612
look,0.000164588
plans,0.000164064
deployment,0.000163734
consult,0.000163594
civil,0.000163382
manufacture,0.000163357
widen,0.000163239
relationships,0.000163229
entrepreneurial,0.000163207
compensation,0.000163202
raise,0.000163128
alongside,0.000163083
decarbonisation,0.000163004
package,0.000163004
medium,0.000162957
whilst,0.000162956
strides,0.000162459
route,0.0001624
launched,0.000162228
single,0.000162011
ups,0.000161932
emissions,0.000161911
analytics,0.000161855
options,0.00016182
port,0.000161707
trent,0.000161707
links,0.000161658
faster,0.000161577
gdp,0.000160211
successes,0.000159967
successfully,0.000159686
barriers,0.000159563
suppliers,0.000159396
york,0.000159396
discovery,0.000159347
thousands,0.000159326
smes,0.000159033
competitors,0.00015902
facility,0.000158638
budget,0.000158538
particular,0.000158219
represented,0.000157996
require,0.000157995
produce,0.000157856
reaching,0.000157856
greatest,0.000157806
april,0.000157628
pollution,0.000157593
retention,0.00015727
private,0.000156863
behind,0.000156844
met,0.000156721
quantum,0.000156721
evaluation,0.00015646
risk,0.00015646
choices,0.000156351
account,0.000156302
apply,0.000156245
career,0.000156214
incentives,0.00015618
pipeline,0.000156077
transfer,0.000156048
ranks,0.000156037
life,0.000155964
provided,0.000155889
attracting,0.000155694
worked,0.000155694
physical,0.000155586
enabling,0.000155548
logistics,0.000155534
engaging,0.000155499
storage,0.000155497
track,0.000155497
assets,0.000155478
embed,0.000155399
medical,0.00015526
assess,0.000154693
steps,0.000154444
focus,0.00015429
period,0.000154136
powers,0.000154101
involve,0.000153842
third,0.000153592
institutes,0.000153433
heritage,0.000153301
bio,0.000152886
endeavours,0.000152411
interventions,0.000152113
link,0.000151852
see,0.000151811
attracts,0.000151785
capturing,0.000151785
ecosystem,0.000151785
labs,0.000151785
nquiringminds,0.000151785
outs,0.000151785
tends,0.000151785
organisation,0.000151749
blade,0.000151558
cheshire,0.000151558
product,0.000151514
ecosystems,0.000151346
located,0.000151346
park,0.000151346
confidence,0.00015128
needs,0.000151102
millions,0.000150883
incentivise,0.000150663
strong,0.000149507
centres,0.000149354
percentage,0.000149304
course,0.000149205
maximising,0.000148844
forces,0.000148815
never,0.000148815
generation,0.000148768
align,0.000148543
states,0.000148519
recognition,0.000148508
social,0.00014835
proportion,0.000148164
automation,0.000147894
undertaking,0.000147894
workplaces,0.000147894
france,0.000147802
italy,0.000147802
consumer,0.000147785
agreement,0.000147742
entrepreneurship,0.000147471
launching,0.000147233
offers,0.0001469
diseases,0.00014687
whole,0.000146868
match,0.000146719
accessible,0.000146615
cyber,0.000146615
considering,0.000146301
platform,0.000146277
often,0.000145494
started,0.000145494
run,0.000145397
launch,0.000145317
college,0.000144976
driver,0.000144976
guidance,0.000144976
anchor,0.000144862
cav,0.000144862
content,0.000144862
digitalgenius,0.000144862
empl,0.000144862
employs,0.000144862
negotiate,0.000144862
seconds,0.000144862
smarter,0.000144862
risks,0.000144857
goals,0.000144803
introduce,0.000144465
stimulate,0.000144418
remains,0.000144407
done,0.000144388
contains,0.000144329
hub,0.000144297
substantial,0.000144248
estimates,0.000144242
agencies,0.000144019
facilities,0.000144019
site,0.000143827
vehicle,0.000143343
department,0.000142666
ethical,0.000142666
transition,0.00014263
adrian,0.000142369
attainment,0.000142369
bonus,0.000142369
confederation,0.000142369
congress,0.000142369
crest,0.000142369
disabilities,0.000142369
equally,0.000142369
female,0.000142369
gcse,0.000142369
grew,0.000142369
male,0.000142369
mathematical,0.000142369
meaningful,0.000142369
migration,0.000142369
september,0.000142369
tertiary,0.000142369
trades,0.000142369
twice,0.000142369
interest,0.00014229
magnet,0.00014226
patient,0.000141623
executive,0.00014101
moving,0.00014095
farm,0.000140735
proposed,0.00014046
sustained,0.000140431
form,0.000140411
achievement,0.000140288
adult,0.000140288
disabled,0.000140288
reality,0.000140223
professor,0.000140186
arrangements,0.000140128
particularly,0.000138917
advance,0.000138886
policies,0.000138801
graduate,0.00013877
commitment,0.000138612
forms,0.000138553
ons,0.000138228
believe,0.000137872
enjoy,0.000137872
fact,0.000137872
information,0.000137819
exist,0.000137148
reporting,0.000137148
teacher,0.000137148
isles,0.000137135
relation,0.000137135
scilly,0.000137135
determined,0.000137091
talented,0.00013707
means,0.000137012
flourish,0.000136953
maximise,0.000136817
insurance,0.000136619
worldclass,0.000136235
environments,0.000135998
choice,0.000135921
rest,0.000135901
complex,0.000135261
awards,0.000134876
double,0.000134876
studying,0.000134876
highest,0.000134826
secure,0.000134595
critical,0.00013457
community,0.000134463
announcing,0.000134444
digitalisation,0.000134425
directly,0.00013427
understand,0.000134067
gaps,0.000133663
realise,0.000133652
old,0.000133641
upon,0.000133641
management,0.000133627
employees,0.0001333
retain,0.0001333
feedback,0.000133238
revenue,0.000133238
contributing,0.000133218
certainty,0.00013321
healthier,0.00013318
smaller,0.000133178
congestion,0.00013309
least,0.00013309
size,0.000133058
fewer,0.000133042
terms,0.00013303
sources,0.000132917
ten,0.000132904
like,0.000132732
deploy,0.000132728
efficiently,0.000132447
grid,0.000132447
install,0.000132447
trials,0.000132447
stage,0.000132375
approximately,0.000132312
rates,0.000131972
larger,0.000131811
effect,0.000131705
similar,0.000131705
undergoing,0.000131705
allow,0.000131652
forthcoming,0.000131539
side,0.000131407
spin,0.000131407
tier,0.000131407
provides,0.000131369
circular,0.000131152
extraction,0.000131152
flood,0.000131152
flooding,0.000131152
geospatial,0.000131152
gravity,0.000131152
heat,0.000131152
hs,0.000131152
mbits,0.000131152
os,0.000131152
principle,0.000131152
restoration,0.000131152
saving,0.000131152
spaceports,0.000131152
united,0.000131048
responsible,0.000130747
backing,0.000130708
march,0.000130708
share,0.000130185
allocation,0.00013009
amrc,0.00013009
apprentices,0.00013009
bay,0.00013009
border,0.00013009
channel,0.00013009
deepening,0.00013009
estuary,0.00013009
functions,0.00013009
huddersfield,0.00013009
norfolk,0.00013009
ofsted,0.00013009
pools,0.00013009
prospects,0.00013009
quadram,0.00013009
shifted,0.00013009
ssi,0.00013009
stansted,0.00013009
tend,0.00013009
thames,0.00013009
warwick,0.00013009
zone,0.00013009
loan,0.000130069
recent,0.000129959
direct,0.000129731
earliest,0.000129731
implemented,0.000129731
germany,0.000129369
maintain,0.000129108
important,0.000128891
ensures,0.0001287
increasingly,0.000128661
fully,0.000128288
tools,0.000127556
starting,0.00012748
c,0.000127455
inward,0.000127391
favour,0.000127036
railway,0.000127036
strategically,0.000127036
levers,0.000127017
spirit,0.000127017
solutions,0.000126975
aligned,0.000126293
demonstrates,0.000126293
five,0.000126268
invested,0.000126196
committee,0.000125997
contributions,0.000125997
fallen,0.000125997
relative,0.000125997
implement,0.000125957
whether,0.000125683
brings,0.000125665
initiative,0.000125661
agreeing,0.000125393
abroad,0.000125357
australia,0.000125357
commit,0.000125357
rewards,0.000125357
billion,0.000125335
diagnostics,0.000125335
relevant,0.000125065
transformative,0.000125059
carefully,0.000124842
narrow,0.000124842
flexibility,0.000124826
offering,0.000124825
pool,0.000124825
promotion,0.0001243
currently,0.000124257
enjoyed,0.000124099
mid,0.000124099
online,0.000123694
reduced,0.000123694
issues,0.000123619
intensive,0.000123593
ambitions,0.000123226
positive,0.000123124
trial,0.000123113
diverse,0.000122704
domestic,0.000122549
added,0.000122158
coordinate,0.000122158
entrepreneurs,0.000122158
federation,0.000122158
gained,0.000122158
get,0.000122158
mutual,0.000122158
weeks,0.000122158
collaborative,0.000122127
inclusive,0.000122074
globe,0.000121886
continues,0.000121708
final,0.000121699
basis,0.000121523
locate,0.000121511
cornwall,0.000121486
wants,0.000121473
rolls,0.000121405
royce,0.000121405
landscape,0.000121286
sizes,0.000121286
facing,0.000121271
member,0.000121161
rich,0.000121107
address,0.000120525
last,0.000120465
collaborate,0.000120453
turn,0.000120451
realising,0.000120258
benefit,0.000120047
choose,0.000119833
always,0.000119593
kingdom,0.000119209
lives,0.000118895
survey,0.000118851
premium,0.000118789
rising,0.000118618
boosts,0.000118164
billions,0.000118024
holding,0.000118024
strengthening,0.000118016
affordable,0.000117986
exemplified,0.000117838
foreign,0.000117838
liverpool,0.000117335
comprehensive,0.000117126
senior,0.000117084
attributes,0.000116995
economists,0.000116995
efforts,0.000116995
extends,0.000116995
formal,0.000116995
olympic,0.000116995
olympics,0.000116995
precise,0.000116995
propose,0.000116995
proximity,0.000116995
surrounding,0.000116995
understood,0.000116995
exploring,0.000116985
illustrated,0.000116985
another,0.000116968
entry,0.000116968
expectations,0.000116968
valued,0.000116968
minds,0.000116917
numbers,0.000116917
teams,0.000116917
diffusion,0.000116717
assumptions,0.000116675
blurring,0.000116675
bond,0.000116675
bonds,0.000116675
buy,0.000116675
cagr,0.000116675
caring,0.000116675
cell,0.000116675
chip,0.000116675
complexity,0.000116675
composite,0.000116675
compound,0.000116675
computation,0.000116675
cusp,0.000116675
darpa,0.000116675
embedding,0.000116675
everything,0.000116675
figures,0.000116675
fix,0.000116675
fuller,0.000116675
generations,0.000116675
guaranteed,0.000116675
hailing,0.000116675
lhs,0.000116675
maritime,0.000116675
microelectronics,0.000116675
ocado,0.000116675
operator,0.000116675
populations,0.000116675
profound,0.000116675
registrations,0.000116675
rhs,0.000116675
supplying,0.000116675
tasks,0.000116675
thorough,0.000116675
translation,0.000116675
treat,0.000116675
turing,0.000116675
bespoke,0.000116242
left,0.000116242
taken,0.000116237
learned,0.000116197
paying,0.000116197
valuable,0.000116197
laboratories,0.000116193
laboratory,0.000116193
financial,0.000116114
biological,0.000115769
reducing,0.000115769
shows,0.000115664
nationally,0.000115634
remove,0.000114975
call,0.000114723
closely,0.000114494
extensive,0.000114316
specialist,0.000114142
recognising,0.000114062
clients,0.000113968
departments,0.000113968
july,0.000113956
worldleading,0.000113768
acting,0.000113678
proposal,0.000113678
commercialise,0.000113642
collaboratively,0.000113413
central,0.000113312
stakeholders,0.000113036
example,0.000112969
base,0.000112961
significantly,0.0001128
entrants,0.000112784
show,0.000112611
beyond,0.000112334
traditional,0.000112334
aware,0.000112307
correct,0.000112307
forums,0.000112307
lie,0.000112307
ministerial,0.000112307
notably,0.000112307
realises,0.000112307
types,0.000112307
usd,0.000112307
willing,0.000112307
advise,0.000112109
cumulative,0.000112109
ethics,0.000112109
kind,0.000112109
prospect,0.000112109
adapts,0.000111806
introducing,0.000111806
sainsbury,0.000111806
spent,0.000111806
variation,0.000111806
citymapper,0.000111741
chemicals,0.000111735
nearly,0.000111647
seek,0.000111507
marine,0.000111505
patients,0.000111305
performers,0.000111305
successful,0.000111104
internet,0.000110321
capability,0.000110245
catalyst,0.000110232
fork,0.000110232
activities,0.000110194
ultra,0.000110171
enter,0.000110094
components,0.000110045
crucial,0.000109846
identifying,0.000109816
doubling,0.00010978
following,0.000109532
councils,0.000109528
chief,0.000109111
past,0.000109111
statistics,0.000108827
competition,0.000108767
detail,0.000108708
amount,0.00010868
charities,0.000108647
corporate,0.000108647
decommissioning,0.000108647
discussing,0.000108647
drawing,0.000108647
founded,0.000108647
goldman,0.000108647
managers,0.000108647
monster,0.000108647
plg,0.000108647
produced,0.000108647
sachs,0.000108647
six,0.00010857
eight,0.000108566
games,0.000108566
nation,0.000108485
promoting,0.000108315
boards,0.000108279
right,0.000107574
expected,0.000107374
detailed,0.000107348
fail,0.000107117
tailored,0.000107117
analyse,0.000106895
aut,0.000106895
biology,0.000106895
deeper,0.000106895
evaluate,0.000106895
game,0.000106895
generational,0.000106895
indeed,0.000106895
involvement,0.000106895
little,0.000106895
maximum,0.000106895
nimble,0.000106895
paul,0.000106895
player,0.000106895
publications,0.000106895
breaking,0.000106872
add,0.000106866
estimate,0.000106866
hall,0.000106866
j,0.000106866
pesenti,0.000106866
speech,0.000106866
engage,0.000106859
operations,0.000106649
institution,0.000106587
consideration,0.000106578
rebalancing,0.000106578
schemes,0.000106578
selected,0.000106578
statutory,0.000106578
structures,0.000106578
committing,0.000106498
legal,0.000106498
intervention,0.000106497
ranked,0.000106457
individual,0.000106398
advances,0.000106348
general,0.000106273
grant,0.000106273
prize,0.000106273
testing,0.000106263
funded,0.000106189
given,0.000105972
spread,0.0001059
activity,0.000105857
responsive,0.000105198
initially,0.000104757
accept,0.000104701
crisis,0.000104701
meant,0.000104701
problem,0.000104701
relations,0.000104701
showed,0.000104701
singapore,0.000104701
societies,0.000104701
toolkit,0.000104542
responding,0.000104277
train,0.000104265
settlement,0.000104139
subject,0.000103983
tech,0.00010397
later,0.0001039
performed,0.0001039
publicly,0.0001039
putting,0.0001039
talents,0.0001039
underpinned,0.0001039
common,0.000102958
failures,0.00010295
location,0.000102912
allowing,0.000102891
glasgow,0.000102824
regulators,0.000102802
backed,0.000102575
applied,0.00010235
details,0.00010235
push,0.00010235
safer,0.00010235
accepting,0.000102337
accompanied,0.000102337
aceaqui,0.000102337
acknowledge,0.000102337
acutely,0.000102337
ad,0.000102337
adic,0.000102337
adjust,0.000102337
adopters,0.000102337
affecting,0.000102337
aids,0.000102337
allies,0.000102337
ariberibust,0.000102337
arrangement,0.000102337
artistic,0.000102337
arum,0.000102337
ashe,0.000102337
astonishing,0.000102337
avoid,0.000102337
avoids,0.000102337
beliefs,0.000102337
believes,0.000102337
blatemo,0.000102337
brazil,0.000102337
burgeoning,0.000102337
cabinet,0.000102337
candidates,0.000102337
cayman,0.000102337
command,0.000102337
comparisons,0.000102337
composition,0.000102337
conference,0.000102337
consequences,0.000102337
continental,0.000102337
contributed,0.000102337
convergence,0.000102337
courtesy,0.000102337
creates,0.000102337
dicium,0.000102337
discoveries,0.000102337
disseminate,0.000102337
drawn,0.000102337
duciis,0.000102337
ease,0.000102337
ecaero,0.000102337
eictur,0.000102337
eium,0.000102337
employee,0.000102337
empowerment,0.000102337
enis,0.000102337
entertained,0.000102337
erum,0.000102337
eum,0.000102337
exposure,0.000102337
fellow,0.000102337
frictionless,0.000102337
friends,0.000102337
gregg,0.000102337
harum,0.000102337
hong,0.000102337
ide,0.000102337
inctate,0.000102337
inflexibility,0.000102337
instructing,0.000102337
inte,0.000102337
invitation,0.000102337
ipsam,0.000102337
judged,0.000102337
keen,0.000102337
kong,0.000102337
lagged,0.000102337
lesson,0.000102337
listening,0.000102337
luptaepudam,0.000102337
micro,0.000102337
minimal,0.000102337
minimise,0.000102337
mistakes,0.000102337
monetary,0.000102337
motivated,0.000102337
motive,0.000102337
muster,0.000102337
nam,0.000102337
nihitat,0.000102337
nim,0.000102337
nurtured,0.000102337
od,0.000102337
ommolor,0.000102337
optimistic,0.000102337
overview,0.000102337
overwhelmingly,0.000102337
paralympic,0.000102337
pererum,0.000102337
persists,0.000102337
pooling,0.000102337
posam,0.000102337
practise,0.000102337
preach,0.000102337
preparations,0.000102337
preparing,0.000102337
profit,0.000102337
proratam,0.000102337
protected,0.000102337
protectionist,0.000102337
prowess,0.000102337
quam,0.000102337
que,0.000102337
quiae,0.000102337
quiaeperibus,0.000102337
quibus,0.000102337
quo,0.000102337
ratquissima,0.000102337
rebuilt,0.000102337
recommit,0.000102337
refers,0.000102337
retreat,0.000102337
reward,0.000102337
rorition,0.000102337
russian,0.000102337
sections,0.000102337
sequunt,0.000102337
serve,0.000102337
settlements,0.000102337
sin,0.000102337
sperumquam,0.000102337
stands,0.000102337
strongest,0.000102337
studied,0.000102337
synthetic,0.000102337
systematically,0.000102337
tackled,0.000102337
te,0.000102337
tem,0.000102337
tentus,0.000102337
testament,0.000102337
thinking,0.000102337
try,0.000102337
ullorer,0.000102337
underperform,0.000102337
underperformance,0.000102337
unflinchingly,0.000102337
unt,0.000102337
urgent,0.000102337
ut,0.000102337
veligenis,0.000102337
virgin,0.000102337
vitality,0.000102337
volecer,0.000102337
widest,0.000102337
yielded,0.000102337
bath,0.000102088
birmingham,0.000102088
collect,0.000102088
consulting,0.000102088
disposal,0.000102088
disruption,0.000102088
hold,0.000102088
respects,0.000102088
nature,0.000101895
actively,0.00010189
emergence,0.00010189
testbeds,0.00010189
compete,0.000101706
elsewhere,0.000101706
person,0.000101706
publishing,0.000101706
sit,0.000101706
maintaining,0.00010147
awarded,0.000101286
field,0.000101286
stable,0.000101286
advertising,0.00010119
africa,0.00010119
arc,0.00010119
array,0.00010119
award,0.00010119
bagless,0.00010119
batteries,0.00010119
bilateral,0.00010119
biotechnology,0.00010119
bought,0.00010119
challenged,0.00010119
chemistry,0.00010119
citation,0.00010119
consultancy,0.00010119
continued,0.00010119
contract,0.00010119
displacing,0.00010119
dna,0.00010119
ebola,0.00010119
eco,0.00010119
entirely,0.00010119
eureka,0.00010119
experiences,0.00010119
feed,0.00010119
financing,0.00010119
frontiers,0.00010119
helps,0.00010119
horizon,0.00010119
jet,0.00010119
jodrell,0.00010119
kilometre,0.00010119
knowledgeled,0.00010119
leicester,0.00010119
marketing,0.00010119
neutrino,0.00010119
nobel,0.00010119
primed,0.00010119
radio,0.00010119
round,0.00010119
score,0.00010119
structure,0.00010119
symptoms,0.00010119
tdx,0.00010119
telescopes,0.00010119
translate,0.00010119
translates,0.00010119
treatment,0.00010119
ubiquitous,0.00010119
ukri,0.00010119
vacuum,0.00010119
weather,0.00010119
web,0.00010119
weighted,0.00010119
welcome,0.00010119
wins,0.00010119
hotspots,0.000101183
implementing,0.000101183
regulator,0.000101035
almost,0.000100656
getting,0.000100583
associated,9.99E-05
expanding,9.99E-05
recognises,9.96E-05
due,9.94E-05
easy,9.91E-05
belgium,9.89E-05
draw,9.89E-05
relatively,9.89E-05
translating,9.89E-05
usa,9.89E-05
comparative,9.83E-05
players,9.83E-05
arts,9.82E-05
governance,9.81E-05
john,9.81E-05
results,9.73E-05
overall,9.72E-05
tackling,9.72E-05
enables,9.71E-05
initial,9.71E-05
healthy,9.70E-05
becoming,9.70E-05
events,9.70E-05
findings,9.70E-05
shares,9.70E-05
accelerated,9.69E-05
affected,9.69E-05
caused,9.69E-05
transparency,9.69E-05
vary,9.69E-05
chaired,9.68E-05
convene,9.68E-05
depend,9.68E-05
emphasis,9.68E-05
factors,9.68E-05
necessarily,9.68E-05
netherlands,9.68E-05
objective,9.68E-05
offered,9.68E-05
openly,9.68E-05
reap,9.68E-05
reinforced,9.68E-05
seventh,9.68E-05
series,9.67E-05
assessment,9.65E-05
b,9.65E-05
collection,9.65E-05
communications,9.65E-05
dramatic,9.65E-05
fi,9.65E-05
placing,9.65E-05
satellite,9.65E-05
users,9.65E-05
bazalgette,9.61E-05
came,9.61E-05
campus,9.61E-05
covering,9.61E-05
legacy,9.61E-05
prioritise,9.61E-05
changed,9.60E-05
equipment,9.60E-05
extreme,9.60E-05
immersive,9.60E-05
novel,9.60E-05
square,9.60E-05
stimulating,9.60E-05
called,9.57E-05
line,9.57E-05
requires,9.55E-05
exporters,9.53E-05
held,9.53E-05
quickly,9.53E-05
requirement,9.53E-05
unique,9.53E-05
customers,9.53E-05
embracing,9.52E-05
govtech,9.52E-05
operate,9.52E-05
builds,9.51E-05
monitor,9.50E-05
although,9.49E-05
background,9.49E-05
broken,9.49E-05
childcare,9.49E-05
coding,9.49E-05
compulsory,9.49E-05
conducting,9.49E-05
convened,9.49E-05
curriculum,9.49E-05
disparity,9.49E-05
educated,9.49E-05
employ,9.49E-05
ethnicity,9.49E-05
experts,9.49E-05
firstly,9.49E-05
functional,9.49E-05
gain,9.49E-05
generous,9.49E-05
girls,9.49E-05
greenfield,9.49E-05
hardest,9.49E-05
hereford,9.49E-05
intermediate,9.49E-05
joined,9.49E-05
junior,9.49E-05
literacy,9.49E-05
master,9.49E-05
mastery,9.49E-05
matter,9.49E-05
pass,9.49E-05
pathways,9.49E-05
recommendation,9.49E-05
recruiting,9.49E-05
reimbursement,9.49E-05
returners,9.49E-05
rival,9.49E-05
secondly,9.49E-05
shortage,9.49E-05
skilling,9.49E-05
teach,9.49E-05
thirdly,9.49E-05
widens,9.49E-05
wish,9.49E-05
understanding,9.48E-05
enterprises,9.47E-05
known,9.47E-05
several,9.47E-05
tested,9.47E-05
barrier,9.43E-05
contracts,9.43E-05
establishment,9.43E-05
momentum,9.43E-05
outlook,9.43E-05
update,9.43E-05
variety,9.43E-05
back,9.41E-05
boosting,9.40E-05
defined,9.31E-05
immediate,9.28E-05
battery,9.26E-05
employed,9.17E-05
lord,9.17E-05
panel,9.17E-05
plays,9.17E-05
recruitment,9.17E-05
rolled,9.17E-05
royal,9.17E-05
stages,9.17E-05
foundation,9.14E-05
points,9.14E-05
campaign,9.14E-05
parliament,9.14E-05
proud,9.14E-05
reflect,9.14E-05
amongst,9.14E-05
code,9.14E-05
extraordinary,9.14E-05
feel,9.14E-05
makers,9.14E-05
ministers,9.14E-05
robotics,9.14E-05
enhanced,9.12E-05
retail,9.12E-05
trust,9.12E-05
negative,9.11E-05
practical,9.11E-05
software,9.11E-05
thriving,9.11E-05
might,9.10E-05
sure,9.10E-05
foster,9.10E-05
close,9.08E-05
pilots,8.98E-05
represents,8.97E-05
basics,8.95E-05
integrated,8.95E-05
profile,8.93E-05
reform,8.93E-05
responsibilities,8.93E-05
raised,8.91E-05
reflecting,8.91E-05
scope,8.91E-05
easier,8.82E-05
things,8.77E-05
allocations,8.74E-05
along,8.74E-05
biochemical,8.74E-05
bloomberg,8.74E-05
calls,8.74E-05
cityfibre,8.74E-05
competitively,8.74E-05
dieter,8.74E-05
evolution,8.74E-05
exemption,8.74E-05
exporting,8.74E-05
flights,8.74E-05
freight,8.74E-05
geographically,8.74E-05
goal,8.74E-05
helm,8.74E-05
indoor,8.74E-05
manufacturer,8.74E-05
methodologies,8.74E-05
outlines,8.74E-05
projected,8.74E-05
railways,8.74E-05
recovery,8.74E-05
regenerate,8.74E-05
regenerating,8.74E-05
respondents,8.74E-05
saved,8.74E-05
shale,8.74E-05
shipbuilding,8.74E-05
sites,8.74E-05
stations,8.74E-05
status,8.74E-05
sustainably,8.74E-05
terminal,8.74E-05
trackside,8.74E-05
trains,8.74E-05
utilise,8.74E-05
vodafone,8.74E-05
wi,8.74E-05
widespread,8.74E-05
aim,8.73E-05
planned,8.72E-05
agency,8.66E-05
leverage,8.66E-05
played,8.66E-05
strengthened,8.66E-05
bus,8.64E-05
complemented,8.64E-05
congested,8.64E-05
extending,8.64E-05
interests,8.64E-05
journeys,8.64E-05
offsite,8.64E-05
protect,8.64E-05
returns,8.64E-05
spain,8.64E-05
statement,8.64E-05
traffic,8.64E-05
fundamental,8.64E-05
administration,8.62E-05
awareness,8.62E-05
boundaries,8.62E-05
entire,8.62E-05
felt,8.62E-05
ingenuity,8.62E-05
microchips,8.62E-05
nic,8.62E-05
portfolio,8.62E-05
pounds,8.62E-05
rapid,8.62E-05
attracted,8.60E-05
clinical,8.60E-05
concept,8.60E-05
frameworks,8.60E-05
gross,8.60E-05
sometimes,8.60E-05
team,8.60E-05
shared,8.56E-05
giving,8.54E-05
maintenance,8.54E-05
audit,8.53E-05
view,8.52E-05
proven,8.44E-05
allows,8.43E-05
component,8.38E-05
cover,8.38E-05
encourages,8.38E-05
loans,8.38E-05
propulsion,8.38E-05
realistic,8.38E-05
wage,8.38E-05
benefiting,8.35E-05
cross,8.35E-05
insights,8.35E-05
section,8.35E-05
generate,8.32E-05
return,8.24E-05
diversity,8.18E-05
effort,8.18E-05
historically,8.18E-05
capita,8.17E-05
coventry,8.17E-05
differences,8.17E-05
engineers,8.17E-05
adding,8.12E-05
asked,8.12E-05
incumbents,8.12E-05
parties,8.12E-05
sectoral,8.12E-05
accommodate,8.09E-05
month,8.09E-05
anglia,8.08E-05
bridge,8.08E-05
clinicians,8.08E-05
concentrated,8.08E-05
cooperation,8.08E-05
creativity,8.08E-05
expenditure,8.08E-05
genetic,8.08E-05
guide,8.08E-05
inter,8.08E-05
map,8.08E-05
offices,8.08E-05
replacements,8.08E-05
suggests,8.08E-05
took,8.08E-05
farming,7.98E-05
grown,7.98E-05
handle,7.98E-05
intelligent,7.98E-05
save,7.98E-05
similarly,7.98E-05
soil,7.98E-05
earlier,7.96E-05
underpinning,7.96E-05
processing,7.94E-05
reviewing,7.94E-05
attention,7.93E-05
accountability,7.86E-05
applies,7.86E-05
chances,7.86E-05
counterparts,7.86E-05
depth,7.86E-05
dialogue,7.86E-05
fits,7.86E-05
issue,7.86E-05
moment,7.86E-05
pupil,7.86E-05
reverse,7.86E-05
servants,7.86E-05
signed,7.86E-05
trend,7.86E-05
wiltshire,7.86E-05
annually,7.82E-05
plug,7.82E-05
adopt,7.78E-05
clearly,7.78E-05
control,7.78E-05
gives,7.78E-05
image,7.78E-05
post,7.78E-05
ranging,7.78E-05
receive,7.78E-05
found,7.76E-05
extra,7.66E-05
exists,7.66E-05
money,7.66E-05
enabled,7.64E-05
academies,7.61E-05
adapting,7.61E-05
birth,7.61E-05
blyth,7.61E-05
cheaper,7.61E-05
comes,7.61E-05
computers,7.61E-05
devices,7.61E-05
difficult,7.61E-05
external,7.61E-05
fellowships,7.61E-05
fleet,7.61E-05
fuels,7.61E-05
integration,7.61E-05
lifestyle,7.61E-05
prospering,7.61E-05
shore,7.61E-05
therapies,7.61E-05
urbanisation,7.61E-05
visual,7.61E-05
assessments,7.60E-05
attractiveness,7.60E-05
comprising,7.60E-05
consistently,7.60E-05
crown,7.60E-05
customs,7.60E-05
fiscal,7.60E-05
geography,7.60E-05
heartland,7.60E-05
hm,7.60E-05
hull,7.60E-05
institutional,7.60E-05
intra,7.60E-05
metro,7.60E-05
ordnance,7.60E-05
relies,7.60E-05
river,7.60E-05
streams,7.60E-05
targeting,7.60E-05
underused,7.60E-05
ask,7.59E-05
cancer,7.59E-05
dame,7.59E-05
interaction,7.59E-05
otherwise,7.59E-05
treatments,7.59E-05
board,7.58E-05
lay,7.58E-05
via,7.58E-05
uptake,7.55E-05
electrification,7.52E-05
faraday,7.52E-05
focusing,7.49E-05
estimated,7.43E-05
find,7.43E-05
masters,7.43E-05
budgets,7.41E-05
autonomy,7.39E-05
balance,7.39E-05
cohort,7.39E-05
difficulties,7.39E-05
edtech,7.39E-05
entering,7.39E-05
entitlement,7.39E-05
failure,7.39E-05
january,7.39E-05
legislation,7.39E-05
outlined,7.39E-05
projections,7.39E-05
request,7.39E-05
requirements,7.39E-05
safety,7.39E-05
universal,7.39E-05
wellbeing,7.39E-05
achievable,7.24E-05
adjudicator,7.24E-05
agents,7.24E-05
andrew,7.24E-05
assured,7.24E-05
capitalising,7.24E-05
challengers,7.24E-05
channels,7.24E-05
choosing,7.24E-05
cma,7.24E-05
commissioner,7.24E-05
contributes,7.24E-05
coordinated,7.24E-05
counties,7.24E-05
criteria,7.24E-05
discussed,7.24E-05
easily,7.24E-05
emphatic,7.24E-05
endorsing,7.24E-05
enduring,7.24E-05
evaluating,7.24E-05
examine,7.24E-05
factor,7.24E-05
formation,7.24E-05
genomics,7.24E-05
haldane,7.24E-05
harp,7.24E-05
hospitality,7.24E-05
hospitals,7.24E-05
houses,7.24E-05
input,7.24E-05
involves,7.24E-05
lessons,7.24E-05
media,7.24E-05
membership,7.24E-05
mentoring,7.24E-05
messaging,7.24E-05
minutes,7.24E-05
mix,7.24E-05
multinational,7.24E-05
procured,7.24E-05
producer,7.24E-05
producing,7.24E-05
proficient,7.24E-05
properly,7.24E-05
proportionate,7.24E-05
qiagen,7.24E-05
quarterly,7.24E-05
questions,7.24E-05
represent,7.24E-05
restricted,7.24E-05
resulting,7.24E-05
reviews,7.24E-05
rolling,7.24E-05
root,7.24E-05
scotch,7.24E-05
siemens,7.24E-05
spreading,7.24E-05
studies,7.24E-05
suggestion,7.24E-05
tangible,7.24E-05
volume,7.24E-05
whisky,7.24E-05
body,7.23E-05
developers,7.23E-05
extended,7.23E-05
inviting,7.23E-05
manage,7.23E-05
venture,7.23E-05
affect,7.13E-05
arm,7.13E-05
carrying,7.13E-05
clarity,7.13E-05
depends,7.13E-05
designing,7.13E-05
freely,7.13E-05
homeowners,7.13E-05
hydrogen,7.13E-05
impacts,7.13E-05
lines,7.13E-05
manner,7.13E-05
marketplace,7.13E-05
meters,7.13E-05
monitored,7.13E-05
operated,7.13E-05
roadbuilding,7.13E-05
rollout,7.13E-05
savings,7.13E-05
securely,7.13E-05
street,7.13E-05
transactions,7.13E-05
voices,7.13E-05
wireless,7.13E-05
exceptional,7.08E-05
century,7.08E-05
collective,7.08E-05
combines,7.08E-05
copyright,7.08E-05
credible,7.08E-05
cumbria,7.08E-05
departure,7.08E-05
guarantee,7.08E-05
inadequate,7.08E-05
integral,7.08E-05
multi,7.08E-05
november,7.08E-05
poor,7.08E-05
publication,7.08E-05
suggest,7.08E-05
tide,7.08E-05
unlock,7.08E-05
according,7.02E-05
lack,7.02E-05
quarter,7.02E-05
academy,6.85E-05
ada,6.85E-05
biomedical,6.85E-05
chance,6.85E-05
consortium,6.85E-05
drives,6.85E-05
dyson,6.85E-05
element,6.85E-05
endorsed,6.85E-05
evidenced,6.85E-05
examples,6.85E-05
exeter,6.85E-05
furthermore,6.85E-05
humanities,6.85E-05
hundreds,6.85E-05
lifetime,6.85E-05
majority,6.85E-05
meaning,6.85E-05
partly,6.85E-05
race,6.85E-05
radical,6.85E-05
received,6.85E-05
russell,6.85E-05
solution,6.85E-05
undertaken,6.85E-05
video,6.85E-05
applying,6.83E-05
art,6.83E-05
date,6.83E-05
linking,6.83E-05
overcome,6.83E-05
portugal,6.83E-05
progressively,6.83E-05
bell,6.61E-05
commercialised,6.61E-05
concrete,6.61E-05
conduct,6.61E-05
entrepreneur,6.61E-05
equipped,6.61E-05
guardian,6.61E-05
industryfunded,6.61E-05
main,6.61E-05
parameters,6.61E-05
phds,6.61E-05
produces,6.61E-05
purposes,6.61E-05
remit,6.61E-05
strict,6.61E-05
taxes,6.61E-05
trusts,6.61E-05
wendy,6.61E-05
airports,6.59E-05
bioeconomy,6.59E-05
edinburgh,6.59E-05
effects,6.59E-05
exceptions,6.59E-05
expanded,6.59E-05
far,6.59E-05
highlight,6.59E-05
holds,6.59E-05
internal,6.59E-05
largely,6.59E-05
licence,6.59E-05
methods,6.59E-05
nurse,6.59E-05
ocean,6.59E-05
preserve,6.59E-05
previously,6.59E-05
revolutionised,6.59E-05
sustainability,6.59E-05
turning,6.59E-05
wealth,6.59E-05
abolition,6.50E-05
abstract,6.50E-05
acre,6.50E-05
affects,6.50E-05
agglomeration,6.50E-05
aligns,6.50E-05
arise,6.50E-05
arms,6.50E-05
biannual,6.50E-05
bigger,6.50E-05
biopharmaceutical,6.50E-05
borderlands,6.50E-05
boroughs,6.50E-05
bristolcardiff,6.50E-05
casting,6.50E-05
centralised,6.50E-05
chair,6.50E-05
chairs,6.50E-05
circuit,6.50E-05
clackmannanshire,6.50E-05
classification,6.50E-05
closures,6.50E-05
clustering,6.50E-05
coherence,6.50E-05
collectively,6.50E-05
commercially,6.50E-05
competes,6.50E-05
concentrations,6.50E-05
conclusion,6.50E-05
consent,6.50E-05
consequence,6.50E-05
considerably,6.50E-05
constraining,6.50E-05
constraints,6.50E-05
consulted,6.50E-05
containing,6.50E-05
credentials,6.50E-05
crossborder,6.50E-05
dangerous,6.50E-05
demonstrated,6.50E-05
departmental,6.50E-05
designated,6.50E-05
destinies,6.50E-05
determinants,6.50E-05
devon,6.50E-05
disease,6.50E-05
district,6.50E-05
dorset,6.50E-05
earlham,6.50E-05
electrical,6.50E-05
elizabeth,6.50E-05
encouraged,6.50E-05
exemplar,6.50E-05
exercised,6.50E-05
exhibition,6.50E-05
factories,6.50E-05
factory,6.50E-05
february,6.50E-05
figureheads,6.50E-05
firmly,6.50E-05
forged,6.50E-05
former,6.50E-05
fresh,6.50E-05
futures,6.50E-05
gateshead,6.50E-05
geographical,6.50E-05
geographies,6.50E-05
giftware,6.50E-05
goes,6.50E-05
grounded,6.50E-05
grouping,6.50E-05
guided,6.50E-05
happen,6.50E-05
happens,6.50E-05
harbour,6.50E-05
harnessing,6.50E-05
hinterlands,6.50E-05
hip,6.50E-05
hospital,6.50E-05
hosted,6.50E-05
humber,6.50E-05
impacting,6.50E-05
incomes,6.50E-05
influential,6.50E-05
inner,6.50E-05
innes,6.50E-05
inspection,6.50E-05
insulation,6.50E-05
knowledgeintensive,6.50E-05
lacked,6.50E-05
leamington,6.50E-05
legacies,6.50E-05
length,6.50E-05
losses,6.50E-05
mclaren,6.50E-05
microbiomes,6.50E-05
minded,6.50E-05
motors,6.50E-05
neuroscience,6.50E-05
newcastle,6.50E-05
newport,6.50E-05
nuts,6.50E-05
opened,6.50E-05
overlapping,6.50E-05
petrochemicals,6.50E-05
piloted,6.50E-05
pronounced,6.50E-05
proposition,6.50E-05
queen,6.50E-05
ranges,6.50E-05
rating,6.50E-05
redcar,6.50E-05
reflects,6.50E-05
reimagine,6.50E-05
reinvent,6.50E-05
relocation,6.50E-05
removing,6.50E-05
renewal,6.50E-05
residents,6.50E-05
respective,6.50E-05
revitalise,6.50E-05
rotherham,6.50E-05
secured,6.50E-05
seeks,6.50E-05
severn,6.50E-05
showcase,6.50E-05
silicon,6.50E-05
sound,6.50E-05
spatial,6.50E-05
sport,6.50E-05
statistical,6.50E-05
steelworks,6.50E-05
stirling,6.50E-05
subregional,6.50E-05
substances,6.50E-05
suitability,6.50E-05
swindon,6.50E-05
table,6.50E-05
talbot,6.50E-05
tata,6.50E-05
tay,6.50E-05
teesside,6.50E-05
tolls,6.50E-05
translational,6.50E-05
tyne,6.50E-05
unions,6.50E-05
unwavering,6.50E-05
usage,6.50E-05
valves,6.50E-05
varied,6.50E-05
warrington,6.50E-05
worldwide,6.50E-05
yield,6.50E-05
yorks,6.50E-05
charge,6.37E-05
circumstances,6.37E-05
collaborating,6.37E-05
equivalent,6.37E-05
flexibly,6.37E-05
ground,6.37E-05
host,6.37E-05
phase,6.37E-05
platforms,6.37E-05
progressing,6.37E-05
pursue,6.37E-05
remaining,6.37E-05
short,6.37E-05
shown,6.37E-05
spend,6.37E-05
spring,6.37E-05
voice,6.37E-05
accelerating,6.07E-05
accounting,6.07E-05
aggregate,6.07E-05
alliance,6.07E-05
assistance,6.07E-05
augmented,6.07E-05
benchmark,6.07E-05
breakthroughs,6.07E-05
closer,6.07E-05
communication,6.07E-05
concluded,6.07E-05
connecting,6.07E-05
deepmind,6.07E-05
demonstration,6.07E-05
disruptive,6.07E-05
engaged,6.07E-05
expectation,6.07E-05
experienced,6.07E-05
impactful,6.07E-05
james,6.07E-05
licensing,6.07E-05
limited,6.07E-05
members,6.07E-05
molecular,6.07E-05
pharmaceuticals,6.07E-05
pivotal,6.07E-05
promotes,6.07E-05
quartile,6.07E-05
signalled,6.07E-05
standing,6.07E-05
story,6.07E-05
sweden,6.07E-05
trialling,6.07E-05
virtual,6.07E-05
visas,6.07E-05
behaviours,5.85E-05
breadth,5.85E-05
charity,5.85E-05
commissioning,5.85E-05
conversation,5.85E-05
decent,5.85E-05
denmark,5.85E-05
difficulty,5.85E-05
equipping,5.85E-05
fulltime,5.85E-05
increases,5.85E-05
involving,5.85E-05
navigate,5.85E-05
ordinated,5.85E-05
performing,5.85E-05
reasons,5.85E-05
refreshing,5.85E-05
representation,5.85E-05
representative,5.85E-05
respectively,5.85E-05
scaled,5.85E-05
shaped,5.85E-05
shifts,5.85E-05
showing,5.85E-05
structured,5.85E-05
suffer,5.85E-05
unusual,5.85E-05
advisers,5.83E-05
advisors,5.83E-05
aerial,5.83E-05
aiming,5.83E-05
alan,5.83E-05
algorithms,5.83E-05
analysed,5.83E-05
appoint,5.83E-05
appointed,5.83E-05
assessed,5.83E-05
atmospheric,5.83E-05
averse,5.83E-05
baby,5.83E-05
biobank,5.83E-05
biotechnologies,5.83E-05
blocks,5.83E-05
boomers,5.83E-05
capacities,5.83E-05
carers,5.83E-05
champions,5.83E-05
characterised,5.83E-05
cheap,5.83E-05
chosen,5.83E-05
communicate,5.83E-05
competing,5.83E-05
complement,5.83E-05
constrained,5.83E-05
constructed,5.83E-05
convening,5.83E-05
conventional,5.83E-05
conversion,5.83E-05
cooling,5.83E-05
cure,5.83E-05
defense,5.83E-05
deliberate,5.83E-05
demographic,5.83E-05
density,5.83E-05
depended,5.83E-05
desired,5.83E-05
diffuse,5.83E-05
digitally,5.83E-05
discipline,5.83E-05
distinctions,5.83E-05
doctors,5.83E-05
drones,5.83E-05
educators,5.83E-05
electronics,5.83E-05
energyintensive,5.83E-05
environmentally,5.83E-05
everyday,5.83E-05
evolve,5.83E-05
excels,5.83E-05
expands,5.83E-05
expert,5.83E-05
explicitly,5.83E-05
explored,5.83E-05
facilitates,5.83E-05
fear,5.83E-05
fuel,5.83E-05
fulfilled,5.83E-05
fusion,5.83E-05
garage,5.83E-05
gbp,5.83E-05
gene,5.83E-05
generates,5.83E-05
genes,5.83E-05
genetics,5.83E-05
grappling,5.83E-05
grocery,5.83E-05
harnessed,5.83E-05
headquarters,5.83E-05
highefficiency,5.83E-05
hope,5.83E-05
household,5.83E-05
hybrids,5.83E-05
hydrocarbon,5.83E-05
illness,5.83E-05
indexes,5.83E-05
industrialised,5.83E-05
industrie,5.83E-05
instantaneous,5.83E-05
instrumental,5.83E-05
integrating,5.83E-05
irresponsible,5.83E-05
jan,5.83E-05
journeysharing,5.83E-05
largescale,5.83E-05
let,5.83E-05
linguistics,5.83E-05
mass,5.83E-05
mechanised,5.83E-05
microcomputers,5.83E-05
modernisation,5.83E-05
modes,5.83E-05
moisture,5.83E-05
nascent,5.83E-05
nationwide,5.83E-05
net,5.83E-05
nimbly,5.83E-05
obligation,5.83E-05
oct,5.83E-05
ofgem,5.83E-05
operation,5.83E-05
option,5.83E-05
owe,5.83E-05
ownership,5.83E-05
paris,5.83E-05
partnering,5.83E-05
perception,5.83E-05
perform,5.83E-05
persuasions,5.83E-05
pi,5.83E-05
plugthe,5.83E-05
political,5.83E-05
pollutants,5.83E-05
possibility,5.83E-05
programmed,5.83E-05
promising,5.83E-05
purpose,5.83E-05
pursuing,5.83E-05
pursuit,5.83E-05
raspberry,5.83E-05
reallocation,5.83E-05
redesigned,5.83E-05
regardless,5.83E-05
regenerated,5.83E-05
regularly,5.83E-05
remodelling,5.83E-05
replace,5.83E-05
researches,5.83E-05
resisted,5.83E-05
rests,5.83E-05
reviewed,5.83E-05
revolutionary,5.83E-05
revolutionising,5.83E-05
revolutions,5.83E-05
risky,5.83E-05
robot,5.83E-05
safely,5.83E-05
sandbox,5.83E-05
secondhands,5.83E-05
seismic,5.83E-05
seized,5.83E-05
selfdriving,5.83E-05
sell,5.83E-05
signals,5.83E-05
simulated,5.83E-05
smartphone,5.83E-05
socially,5.83E-05
specifically,5.83E-05
spurring,5.83E-05
standardsetter,5.83E-05
startups,5.83E-05
steam,5.83E-05
stimulates,5.83E-05
store,5.83E-05
techenabled,5.83E-05
technicians,5.83E-05
testbed,5.83E-05
tracks,5.83E-05
trillions,5.83E-05
trying,5.83E-05
type,5.83E-05
unimaginative,5.83E-05
updating,5.83E-05
urbanising,5.83E-05
vast,5.83E-05
visions,5.83E-05
volunteers,5.83E-05
w,5.83E-05
war,5.83E-05
warehouses,5.83E-05
wearable,5.83E-05
worlds,5.83E-05
worthwhile,5.83E-05
younger,5.83E-05
aid,5.59E-05
avoiding,5.59E-05
beginning,5.59E-05
begun,5.59E-05
cases,5.59E-05
considered,5.59E-05
continually,5.59E-05
deployed,5.59E-05
generally,5.59E-05
highlighted,5.59E-05
identity,5.59E-05
intends,5.59E-05
legislating,5.59E-05
listed,5.59E-05
multiple,5.59E-05
negotiation,5.59E-05
nine,5.59E-05
phases,5.59E-05
pre,5.59E-05
provider,5.59E-05
regime,5.59E-05
resolve,5.59E-05
somerset,5.59E-05
task,5.59E-05
taxation,5.59E-05
unlocking,5.59E-05
abertay,5.06E-05
absorb,5.06E-05
affordability,5.06E-05
allocating,5.06E-05
alphago,5.06E-05
anchoring,5.06E-05
antibiotic,5.06E-05
antibodies,5.06E-05
aquaculture,5.06E-05
architecture,5.06E-05
articles,5.06E-05
asking,5.06E-05
aspirations,5.06E-05
atomic,5.06E-05
audience,5.06E-05
authored,5.06E-05
automatic,5.06E-05
baird,5.06E-05
band,5.06E-05
baseline,5.06E-05
becomes,5.06E-05
bel,5.06E-05
belt,5.06E-05
berners,5.06E-05
bids,5.06E-05
biomolecules,5.06E-05
bioponics,5.06E-05
blue,5.06E-05
branding,5.06E-05
buckley,5.06E-05
bulbs,5.06E-05
chairmanship,5.06E-05
che,5.06E-05
child,5.06E-05
chl,5.06E-05
clarke,5.06E-05
classed,5.06E-05
classrooms,5.06E-05
cleaning,5.06E-05
closest,5.06E-05
coastal,5.06E-05
collaborated,5.06E-05
commercialising,5.06E-05
comparatively,5.06E-05
competitions,5.06E-05
complementary,5.06E-05
complications,5.06E-05
composites,5.06E-05
conceives,5.06E-05
concepts,5.06E-05
concerted,5.06E-05
consequential,5.06E-05
considerable,5.06E-05
consortia,5.06E-05
crop,5.06E-05
crucible,5.06E-05
cryoelectron,5.06E-05
ct,5.06E-05
curiosity,5.06E-05
cze,5.06E-05
deepened,5.06E-05
defeat,5.06E-05
defeats,5.06E-05
desire,5.06E-05
determination,5.06E-05
deu,5.06E-05
develops,5.06E-05
device,5.06E-05
diagnosis,5.06E-05
dimensional,5.06E-05
disciplinary,5.06E-05
distinct,5.06E-05
dnk,5.06E-05
doctorates,5.06E-05
dominated,5.06E-05
dowling,5.06E-05
drastic,5.06E-05
e,5.06E-05
edinburghbased,5.06E-05
elsevier,5.06E-05
entertainment,5.06E-05
erc,5.06E-05
erosion,5.06E-05
esp,5.06E-05
est,5.06E-05
establishes,5.06E-05
ex,5.06E-05
examining,5.06E-05
expensive,5.06E-05
experiment,5.06E-05
exploration,5.06E-05
exposing,5.06E-05
expression,5.06E-05
farmers,5.06E-05
fatal,5.06E-05
fin,5.06E-05
finishing,5.06E-05
flourishes,5.06E-05
fortunate,5.06E-05
fossil,5.06E-05
fra,5.06E-05
frank,5.06E-05
frictions,5.06E-05
gbr,5.06E-05
george,5.06E-05
glyndwr,5.06E-05
godfrey,5.06E-05
goodfellow,5.06E-05
grants,5.06E-05
graphene,5.06E-05
grc,5.06E-05
greatly,5.06E-05
harder,5.06E-05
hefce,5.06E-05
henderson,5.06E-05
hesa,5.06E-05
highlands,5.06E-05
highlighting,5.06E-05
highresolution,5.06E-05
hightech,5.06E-05
hire,5.06E-05
hobbs,5.06E-05
holistic,5.06E-05
hounsfield,5.06E-05
humans,5.06E-05
hun,5.06E-05
iconic,5.06E-05
iet,5.06E-05
imaginative,5.06E-05
imaging,5.06E-05
immigration,5.06E-05
importantly,5.06E-05
inception,5.06E-05
incremental,5.06E-05
infection,5.06E-05
informatics,5.06E-05
innovated,5.06E-05
innovating,5.06E-05
insight,5.06E-05
insurgent,5.06E-05
interactions,5.06E-05
intergovernmental,5.06E-05
interim,5.06E-05
invented,5.06E-05
inventor,5.06E-05
invents,5.06E-05
ion,5.06E-05
ip,5.06E-05
irl,5.06E-05
isaac,5.06E-05
isl,5.06E-05
isolation,5.06E-05
isr,5.06E-05
israel,5.06E-05
ita,5.06E-05
ivf,5.06E-05
joseph,5.06E-05
jpn,5.06E-05
julia,5.06E-05
kdr,5.06E-05
kettle,5.06E-05
lab,5.06E-05
lancashire,5.06E-05
latest,5.06E-05
layer,5.06E-05
lee,5.06E-05
levenmouth,5.06E-05
licenses,5.06E-05
light,5.06E-05
lighter,5.06E-05
lithium,5.06E-05
lively,5.06E-05
logie,5.06E-05
lone,5.06E-05
losing,5.06E-05
lost,5.06E-05
loughborough,5.06E-05
lovelace,5.06E-05
lux,5.06E-05
luxembourg,5.06E-05
lva,5.06E-05
machina,5.06E-05
machines,5.06E-05
magnetic,5.06E-05
maintains,5.06E-05
mathematics,5.06E-05
mcmillan,5.06E-05
measurement,5.06E-05
mex,5.06E-05
microscopy,5.06E-05
minion,5.06E-05
missed,5.06E-05
mixed,5.06E-05
modelling,5.06E-05
monoclonal,5.06E-05
motor,5.06E-05
mri,5.06E-05
multidisciplinary,5.06E-05
mw,5.06E-05
nanopore,5.06E-05
navigation,5.06E-05
neither,5.06E-05
newton,5.06E-05
nld,5.06E-05
novasar,5.06E-05
nzl,5.06E-05
official,5.06E-05
ones,5.06E-05
onshore,5.06E-05
optics,5.06E-05
optimise,5.06E-05
optimising,5.06E-05
organising,5.06E-05
outputs,5.06E-05
overhaul,5.06E-05
overseasowned,5.06E-05
pancreatic,5.06E-05
parallel,5.06E-05
passenger,5.06E-05
patents,5.06E-05
personalised,5.06E-05
phd,5.06E-05
pictures,5.06E-05
pol,5.06E-05
portable,5.06E-05
presence,5.06E-05
pressures,5.06E-05
printed,5.06E-05
productivitybuilding,5.06E-05
promise,5.06E-05
proportionally,5.06E-05
prt,5.06E-05
psychological,5.06E-05
punch,5.06E-05
quick,5.06E-05
quicker,5.06E-05
radar,5.06E-05
rated,5.06E-05
readiness,5.06E-05
receipt,5.06E-05
recommended,5.06E-05
recruit,5.06E-05
ref,5.06E-05
reigning,5.06E-05
relaxing,5.06E-05
replacement,5.06E-05
resistance,5.06E-05
resonance,5.06E-05
retaining,5.06E-05
revealing,5.06E-05
revolutionise,5.06E-05
revolutionises,5.06E-05
richard,5.06E-05
rig,5.06E-05
rna,5.06E-05
roadmap,5.06E-05
robotic,5.06E-05
rocket,5.06E-05
rockets,5.06E-05
rules,5.06E-05
rutherford,5.06E-05
sail,5.06E-05
sale,5.06E-05
saturn,5.06E-05
scaling,5.06E-05
scanner,5.06E-05
scanners,5.06E-05
sci,5.06E-05
scoreboard,5.06E-05
scouts,5.06E-05
seizing,5.06E-05
select,5.06E-05
sensors,5.06E-05
shops,5.06E-05
sideby,5.06E-05
solar,5.06E-05
sponsor,5.06E-05
spot,5.06E-05
stars,5.06E-05
staying,5.06E-05
stephenson,5.06E-05
streak,5.06E-05
striking,5.06E-05
supranational,5.06E-05
surrey,5.06E-05
surveillance,5.06E-05
surveys,5.06E-05
susannah,5.06E-05
svk,5.06E-05
svn,5.06E-05
swan,5.06E-05
swe,5.06E-05
technician,5.06E-05
telescope,5.06E-05
tending,5.06E-05
textiles,5.06E-05
themes,5.06E-05
thor,5.06E-05
threefold,5.06E-05
thriller,5.06E-05
tidal,5.06E-05
tim,5.06E-05
tower,5.06E-05
trace,5.06E-05
traditionally,5.06E-05
transmit,5.06E-05
transmitting,5.06E-05
tripled,5.06E-05
tur,5.06E-05
turbine,5.06E-05
turbines,5.06E-05
turned,5.06E-05
typically,5.06E-05
underground,5.06E-05
underpin,5.06E-05
universe,5.06E-05
upstream,5.06E-05
usb,5.06E-05
viruses,5.06E-05
visa,5.06E-05
week,5.06E-05
weight,5.06E-05
whittle,5.06E-05
winners,5.06E-05
winning,5.06E-05
witty,5.06E-05
accessibility,4.75E-05
accomplished,4.75E-05
accounted,4.75E-05
accreditation,4.75E-05
accrediting,4.75E-05
actors,4.75E-05
acute,4.75E-05
adds,4.75E-05
administrative,4.75E-05
adopter,4.75E-05
aimed,4.75E-05
allied,4.75E-05
alter,4.75E-05
ambassador,4.75E-05
anticipating,4.75E-05
argue,4.75E-05
barnsley,4.75E-05
break,4.75E-05
broke,4.75E-05
bursaries,4.75E-05
capable,4.75E-05
celebrate,4.75E-05
chairman,4.75E-05
chartered,4.75E-05
circumstance,4.75E-05
classroom,4.75E-05
clearer,4.75E-05
codevelopment,4.75E-05
cohorts,4.75E-05
commissioned,4.75E-05
competency,4.75E-05
concentration,4.75E-05
conclusions,4.75E-05
confusing,4.75E-05
conversations,4.75E-05
coveted,4.75E-05
crash,4.75E-05
curricula,4.75E-05
dataset,4.75E-05
described,4.75E-05
devolve,4.75E-05
disability,4.75E-05
disadvantage,4.75E-05
discrete,4.75E-05
doctoral,4.75E-05
drivers,4.75E-05
economically,4.75E-05
either,4.75E-05
ellis,4.75E-05
else,4.75E-05
employability,4.75E-05
employerled,4.75E-05
encounters,4.75E-05
endowment,4.75E-05
engineer,4.75E-05
entrenched,4.75E-05
equality,4.75E-05
equating,4.75E-05
equip,4.75E-05
evidencebased,4.75E-05
existence,4.75E-05
exit,4.75E-05
faced,4.75E-05
fee,4.75E-05
feeds,4.75E-05
film,4.75E-05
finally,4.75E-05
flagship,4.75E-05
footing,4.75E-05
formed,4.75E-05
formula,4.75E-05
fosters,4.75E-05
foundational,4.75E-05
fourthly,4.75E-05
fronts,4.75E-05
grade,4.75E-05
graduation,4.75E-05
heavily,4.75E-05
herefordshire,4.75E-05
higherundertaking,4.75E-05
hoping,4.75E-05
incentivises,4.75E-05
indication,4.75E-05
inspirational,4.75E-05
inspire,4.75E-05
insufficient,4.75E-05
intakes,4.75E-05
keeps,4.75E-05
kevin,4.75E-05
king,4.75E-05
landmark,4.75E-05
learners,4.75E-05
lifetimes,4.75E-05
limiting,4.75E-05
list,4.75E-05
lowpeople,4.75E-05
man,4.75E-05
managed,4.75E-05
mandatory,4.75E-05
mastered,4.75E-05
material,4.75E-05
maynard,4.75E-05
mcgregor,4.75E-05
mental,4.75E-05
mentally,4.75E-05
middling,4.75E-05
migrant,4.75E-05
mirror,4.75E-05
mothers,4.75E-05
narrows,4.75E-05
occupation,4.75E-05
occupational,4.75E-05
october,4.75E-05
original,4.75E-05
outperform,4.75E-05
outreach,4.75E-05
oversee,4.75E-05
par,4.75E-05
passed,4.75E-05
pays,4.75E-05
perceived,4.75E-05
perceptions,4.75E-05
personnel,4.75E-05
physically,4.75E-05
piloting,4.75E-05
pioneered,4.75E-05
placement,4.75E-05
placements,4.75E-05
poorer,4.75E-05
popular,4.75E-05
positively,4.75E-05
postrecession,4.75E-05
predicts,4.75E-05
preferences,4.75E-05
prestige,4.75E-05
prevent,4.75E-05
programming,4.75E-05
prompt,4.75E-05
provisional,4.75E-05
pupils,4.75E-05
qualification,4.75E-05
reached,4.75E-05
reaches,4.75E-05
reading,4.75E-05
realworld,4.75E-05
relevance,4.75E-05
reliant,4.75E-05
remote,4.75E-05
reported,4.75E-05
requiring,4.75E-05
retrain,4.75E-05
returning,4.75E-05
rivals,4.75E-05
satisfaction,4.75E-05
seeing,4.75E-05
shadbolt,4.75E-05
shine,4.75E-05
signal,4.75E-05
socio,4.75E-05
someone,4.75E-05
spanning,4.75E-05
specified,4.75E-05
split,4.75E-05
spotlight,4.75E-05
stevensonfarmer,4.75E-05
struggle,4.75E-05
style,4.75E-05
summit,4.75E-05
switzerland,4.75E-05
systemwide,4.75E-05
taught,4.75E-05
taxpayers,4.75E-05
timetable,4.75E-05
timewise,4.75E-05
tomorrow,4.75E-05
transferring,4.75E-05
transforms,4.75E-05
tuition,4.75E-05
tv,4.75E-05
twenty,4.75E-05
unable,4.75E-05
undergraduate,4.75E-05
undergraduates,4.75E-05
underrepresentation,4.75E-05
underrepresented,4.75E-05
undersupply,4.75E-05
unionlearn,4.75E-05
unmet,4.75E-05
untapped,4.75E-05
variations,4.75E-05
weakest,4.75E-05
went,4.75E-05
woman,4.75E-05
workingage,4.75E-05
aberdeenshire,4.37E-05
accommodation,4.37E-05
advertised,4.37E-05
advised,4.37E-05
affordably,4.37E-05
agsrow,4.37E-05
alleviation,4.37E-05
alternative,4.37E-05
amplify,4.37E-05
anaerobic,4.37E-05
app,4.37E-05
approved,4.37E-05
apps,4.37E-05
arrive,4.37E-05
assemble,4.37E-05
assurance,4.37E-05
atlantic,4.37E-05
avoidable,4.37E-05
axone,4.37E-05
biogas,4.37E-05
bo,4.37E-05
branch,4.37E-05
brands,4.37E-05
briefings,4.37E-05
bristol,4.37E-05
broadly,4.37E-05
cab,4.37E-05
cabling,4.37E-05
campaigns,4.37E-05
carriage,4.37E-05
cascades,4.37E-05
cesgtroea,4.37E-05
cisco,4.37E-05
climatic,4.37E-05
complete,4.37E-05
composting,4.37E-05
connects,4.37E-05
considerations,4.37E-05
consolidate,4.37E-05
consolidated,4.37E-05
constituent,4.37E-05
consultations,4.37E-05
contain,4.37E-05
context,4.37E-05
corresponding,4.37E-05
courtauld,4.37E-05
cumulatively,4.37E-05
custom,4.37E-05
cycles,4.37E-05
datadriven,4.37E-05
decarbonising,4.37E-05
deciding,4.37E-05
defence,4.37E-05
defences,4.37E-05
deloitte,4.37E-05
dense,4.37E-05
depletion,4.37E-05
deploying,4.37E-05
digestion,4.37E-05
digitalised,4.37E-05
discounted,4.37E-05
dispose,4.37E-05
disruptions,4.37E-05
distortions,4.37E-05
divisions,4.37E-05
dodge,4.37E-05
downstream,4.37E-05
drought,4.37E-05
electronic,4.37E-05
elements,4.37E-05
eligibility,4.37E-05
eligible,4.37E-05
emphasised,4.37E-05
enforcement,4.37E-05
enhancement,4.37E-05
entrance,4.37E-05
equity,4.37E-05
era,4.37E-05
eroding,4.37E-05
esis,4.37E-05
eventually,4.37E-05
evolves,4.37E-05
exploiting,4.37E-05
extent,4.37E-05
extract,4.37E-05
feedin,4.37E-05
feedstock,4.37E-05
fiveyear,4.37E-05
fleets,4.37E-05
floodresilient,4.37E-05
force,4.37E-05
fpro,4.37E-05
frankfurt,4.37E-05
frequent,4.37E-05
frequently,4.37E-05
friction,4.37E-05
gaining,4.37E-05
gateway,4.37E-05
gateways,4.37E-05
generated,4.37E-05
gigabitcapable,4.37E-05
gigabytes,4.37E-05
gold,4.37E-05
granted,4.37E-05
greenwich,4.37E-05
grenfell,4.37E-05
guk,4.37E-05
h,4.37E-05
happened,4.37E-05
hard,4.37E-05
heard,4.37E-05
heralding,4.37E-05
hitachi,4.37E-05
house,4.37E-05
identification,4.37E-05
imisofing,4.37E-05
incentivising,4.37E-05
incorporating,4.37E-05
influences,4.37E-05
inspiring,4.37E-05
installing,4.37E-05
internships,4.37E-05
inuk,4.37E-05
korea,4.37E-05
lag,4.37E-05
lam,4.37E-05
landfill,4.37E-05
leads,4.37E-05
lend,4.37E-05
license,4.37E-05
linear,4.37E-05
loads,4.37E-05
locations,4.37E-05
mainland,4.37E-05
maintained,4.37E-05
mandate,4.37E-05
mas,4.37E-05
mastermap,4.37E-05
maximises,4.37E-05
meantime,4.37E-05
meanwhile,4.37E-05
measure,4.37E-05
mechanism,4.37E-05
melton,4.37E-05
miles,4.37E-05
mind,4.37E-05
mining,4.37E-05
moixa,4.37E-05
monitoring,4.37E-05
moorgate,4.37E-05
motorway,4.37E-05
mowbray,4.37E-05
neutral,4.37E-05
night,4.37E-05
northwest,4.37E-05
optimises,4.37E-05
overlook,4.37E-05
oversight,4.37E-05
owned,4.37E-05
p,4.37E-05
passengers,4.37E-05
passivsystems,4.37E-05
pattern,4.37E-05
pavilions,4.37E-05
peatland,4.37E-05
pennine,4.37E-05
permitted,4.37E-05
personal,4.37E-05
planting,4.37E-05
playing,4.37E-05
ports,4.37E-05
potentially,4.37E-05
preclude,4.37E-05
preferred,4.37E-05
presented,4.37E-05
presumption,4.37E-05
prevented,4.37E-05
prioritisation,4.37E-05
procure,4.37E-05
procurers,4.37E-05
propensity,4.37E-05
purchase,4.37E-05
purchasers,4.37E-05
purchasing,4.37E-05
receives,4.37E-05
recyclability,4.37E-05
recycle,4.37E-05
recycling,4.37E-05
redistribute,4.37E-05
referenced,4.37E-05
refurbish,4.37E-05
regenerative,4.37E-05
regulate,4.37E-05
reinvigorate,4.37E-05
release,4.37E-05
releasing,4.37E-05
relief,4.37E-05
rely,4.37E-05
remainder,4.37E-05
remanufacture,4.37E-05
removal,4.37E-05
removes,4.37E-05
renewables,4.37E-05
replaces,4.37E-05
rereducing,4.37E-05
residential,4.37E-05
reuse,4.37E-05
reused,4.37E-05
rtrand,4.37E-05
running,4.37E-05
runway,4.37E-05
scalable,4.37E-05
scorecard,4.37E-05
securing,4.37E-05
selly,4.37E-05
separated,4.37E-05
shocks,4.37E-05
signalling,4.37E-05
signature,4.37E-05
simply,4.37E-05
sits,4.37E-05
slength,4.37E-05
societal,4.37E-05
solely,4.37E-05
sought,4.37E-05
spaceflights,4.37E-05
spaceport,4.37E-05
speeds,4.37E-05
stateof,4.37E-05
static,4.37E-05
sub,4.37E-05
subsequent,4.37E-05
succession,4.37E-05
suitable,4.37E-05
summer,4.37E-05
super,4.37E-05
supplies,4.37E-05
supportive,4.37E-05
surge,4.37E-05
swift,4.37E-05
synergies,4.37E-05
tariff,4.37E-05
telecommunications,4.37E-05
timely,4.37E-05
timetables,4.37E-05
toend,4.37E-05
tracking,4.37E-05
trans,4.37E-05
transaction,4.37E-05
transferred,4.37E-05
transporting,4.37E-05
travellers,4.37E-05
trl,4.37E-05
tube,4.37E-05
ultrafast,4.37E-05
unep,4.37E-05
user,4.37E-05
usfinth,4.37E-05
utility,4.37E-05
various,4.37E-05
voucher,4.37E-05
warwickshire,4.37E-05
waterfront,4.37E-05
weekend,4.37E-05
wetland,4.37E-05
widening,4.37E-05
woodland,4.37E-05
worst,4.37E-05
x,4.37E-05
yorkshire,4.37E-05
accessing,3.62E-05
accountancy,3.62E-05
additive,3.62E-05
adopting,3.62E-05
agp,3.62E-05
airbus,3.62E-05
airline,3.62E-05
alert,3.62E-05
aligning,3.62E-05
amid,3.62E-05
amounted,3.62E-05
analytically,3.62E-05
anchors,3.62E-05
announce,3.62E-05
anticipated,3.62E-05
antifraud,3.62E-05
anyone,3.62E-05
anywhere,3.62E-05
appear,3.62E-05
appropriately,3.62E-05
arithmetically,3.62E-05
articulate,3.62E-05
assert,3.62E-05
asserting,3.62E-05
assist,3.62E-05
associations,3.62E-05
astrazeneca,3.62E-05
august,3.62E-05
auto,3.62E-05
automates,3.62E-05
avg,3.62E-05
babylon,3.62E-05
bae,3.62E-05
bands,3.62E-05
befits,3.62E-05
behalf,3.62E-05
benchmarks,3.62E-05
bethebusiness,3.62E-05
bioscience,3.62E-05
blockchain,3.62E-05
boosted,3.62E-05
borders,3.62E-05
bottom,3.62E-05
brought,3.62E-05
bureaucratic,3.62E-05
businessled,3.62E-05
captured,3.62E-05
carried,3.62E-05
ceo,3.62E-05
certain,3.62E-05
challenger,3.62E-05
chambers,3.62E-05
charitable,3.62E-05
charts,3.62E-05
chat,3.62E-05
cheese,3.62E-05
clout,3.62E-05
collects,3.62E-05
com,3.62E-05
commerce,3.62E-05
commissioners,3.62E-05
compelling,3.62E-05
complacent,3.62E-05
comply,3.62E-05
concluding,3.62E-05
confectionery,3.62E-05
contact,3.62E-05
contestability,3.62E-05
contractors,3.62E-05
controlled,3.62E-05
convenors,3.62E-05
coordination,3.62E-05
cope,3.62E-05
covered,3.62E-05
cpi,3.62E-05
credits,3.62E-05
cultivate,3.62E-05
dazzling,3.62E-05
deadline,3.62E-05
debt,3.62E-05
decadelong,3.62E-05
defending,3.62E-05
define,3.62E-05
demonstrable,3.62E-05
derby,3.62E-05
describes,3.62E-05
detrimental,3.62E-05
diabetes,3.62E-05
directing,3.62E-05
directors,3.62E-05
disproportionally,3.62E-05
dispute,3.62E-05
dissemination,3.62E-05
drastically,3.62E-05
dreamed,3.62E-05
dummies,3.62E-05
economics,3.62E-05
economist,3.62E-05
email,3.62E-05
emphasise,3.62E-05
empowering,3.62E-05
endeavour,3.62E-05
endurance,3.62E-05
enthusiasm,3.62E-05
equitable,3.62E-05
essex,3.62E-05
estate,3.62E-05
evaluated,3.62E-05
exceed,3.62E-05
excess,3.62E-05
excludes,3.62E-05
exiting,3.62E-05
expansions,3.62E-05
experiencing,3.62E-05
exploited,3.62E-05
exposed,3.62E-05
expressions,3.62E-05
faceto,3.62E-05
fairness,3.62E-05
favourites,3.62E-05
feature,3.62E-05
featuring,3.62E-05
felixstowe,3.62E-05
fellowship,3.62E-05
fifixed,3.62E-05
fifth,3.62E-05
fines,3.62E-05
finland,3.62E-05
fintech,3.62E-05
focuses,3.62E-05
foot,3.62E-05
freetrading,3.62E-05
french,3.62E-05
fulfilment,3.62E-05
furthering,3.62E-05
geared,3.62E-05
genuine,3.62E-05
german,3.62E-05
gkn,3.62E-05
glance,3.62E-05
glaxosmithkline,3.62E-05
going,3.62E-05
graduated,3.62E-05
groceries,3.62E-05
gsk,3.62E-05
guiding,3.62E-05
handed,3.62E-05
happy,3.62E-05
harvey,3.62E-05
hashemi,3.62E-05
hazardous,3.62E-05
heavy,3.62E-05
highlights,3.62E-05
honest,3.62E-05
hutton,3.62E-05
iceland,3.62E-05
identifiable,3.62E-05
imagine,3.62E-05
immune,3.62E-05
impartiality,3.62E-05
imports,3.62E-05
impressive,3.62E-05
incubated,3.62E-05
incumbency,3.62E-05
incumbent,3.62E-05
indexation,3.62E-05
industrialisation,3.62E-05
insurers,3.62E-05
intangibles,3.62E-05
integrity,3.62E-05
intention,3.62E-05
intentional,3.62E-05
interested,3.62E-05
invaluable,3.62E-05
japanese,3.62E-05
jointly,3.62E-05
journey,3.62E-05
juergen,3.62E-05
juke,3.62E-05
jurisdiction,3.62E-05
jurisdictions,3.62E-05
keynescambridge,3.62E-05
learns,3.62E-05
lenders,3.62E-05
lending,3.62E-05
lewis,3.62E-05
liabilities,3.62E-05
lift,3.62E-05
lincolnshire,3.62E-05
listen,3.62E-05
longstanding,3.62E-05
maier,3.62E-05
manager,3.62E-05
manufactured,3.62E-05
manufacturers,3.62E-05
margot,3.62E-05
mergers,3.62E-05
meridian,3.62E-05
methodology,3.62E-05
migrants,3.62E-05
minimum,3.62E-05
mirrored,3.62E-05
mistreated,3.62E-05
modules,3.62E-05
msd,3.62E-05
nationalising,3.62E-05
naturally,3.62E-05
nissan,3.62E-05
noneea,3.62E-05
nordisk,3.62E-05
norway,3.62E-05
novo,3.62E-05
odds,3.62E-05
offerings,3.62E-05
officials,3.62E-05
ordinating,3.62E-05
originators,3.62E-05
overarching,3.62E-05
overnment,3.62E-05
page,3.62E-05
payment,3.62E-05
peer,3.62E-05
peerto,3.62E-05
perfectly,3.62E-05
periods,3.62E-05
peter,3.62E-05
pick,3.62E-05
plus,3.62E-05
policymakers,3.62E-05
popcorn,3.62E-05
pound,3.62E-05
powering,3.62E-05
prescription,3.62E-05
pressure,3.62E-05
prioritised,3.62E-05
proceed,3.62E-05
procuring,3.62E-05
prolongs,3.62E-05
propagators,3.62E-05
protecting,3.62E-05
pubs,3.62E-05
pulling,3.62E-05
purchased,3.62E-05
purchases,3.62E-05
puzzles,3.62E-05
qualms,3.62E-05
quartiles,3.62E-05
realised,3.62E-05
rebranded,3.62E-05
reductions,3.62E-05
reference,3.62E-05
refresh,3.62E-05
regimes,3.62E-05
reliance,3.62E-05
relocate,3.62E-05
resolution,3.62E-05
restates,3.62E-05
retailer,3.62E-05
retains,3.62E-05
retrospectively,3.62E-05
revealed,3.62E-05
revenues,3.62E-05
revitalised,3.62E-05
rpi,3.62E-05
russia,3.62E-05
safeguard,3.62E-05
sahar,3.62E-05
said,3.62E-05
sales,3.62E-05
sample,3.62E-05
scaleup,3.62E-05
seafood,3.62E-05
sectorspecific,3.62E-05
shelf,3.62E-05
shelving,3.62E-05
signposting,3.62E-05
simple,3.62E-05
simplifying,3.62E-05
simulate,3.62E-05
sme,3.62E-05
sounds,3.62E-05
sourcing,3.62E-05
speaking,3.62E-05
staircase,3.62E-05
stakeholder,3.62E-05
stated,3.62E-05
strongly,3.62E-05
submitted,3.62E-05
subsidise,3.62E-05
subsidising,3.62E-05
suffolk,3.62E-05
suggested,3.62E-05
suite,3.62E-05
sums,3.62E-05
sunderland,3.62E-05
supplier,3.62E-05
swiftkey,3.62E-05
switch,3.62E-05
tackles,3.62E-05
takeover,3.62E-05
theme,3.62E-05
threeyear,3.62E-05
tighter,3.62E-05
togovernment,3.62E-05
treated,3.62E-05
trengthening,3.62E-05
ukef,3.62E-05
underdeveloped,3.62E-05
underperforming,3.62E-05
underserved,3.62E-05
unfairly,3.62E-05
uniform,3.62E-05
units,3.62E-05
unusually,3.62E-05
upgrading,3.62E-05
values,3.62E-05
vertically,3.62E-05
views,3.62E-05
visionary,3.62E-05
vocational,3.62E-05
warehouse,3.62E-05
wellcome,3.62E-05
whitehall,3.62E-05
wolstenholme,3.62E-05
worldrenowned,3.62E-05
www,3.62E-05
xed,3.62E-05
xwb,3.62E-05
zealand,3.62E-05
